Seasons,Hours of Performance,Rating,House,Name,Size,Parfumo Rating,Notes,Accords,Genre,Silliage,Sprays,Perfumer,Comments
Hot,2,7.5,Acqua di Parma,Colonia C.L.U.B.,100,7.9,aromatic-fresh spicy-citrus-woody-green-musky-powdery,fresh-woody,Fougere,1,,,minty and fresh
Hot,2,7.75,Acqua di Parma,Colonia Intensa,10,7.7,citrus-fresh spicy-aromatic-warm spicy-woody-fresh-leather-herbal-amber,citrusy-fresh,Fougere,2,5,Alberto Morillas and François Demachy,citrus start -> musk -> wood and leather
Cold,8,7,Acqua di Parma,Oud ,10,8.2,,woody-spicy,Wood,3,7,,floral start citrus for 6 hours then wood skin scent
Hot,10,8.25,Ahmed Al Maghribi,Aqua Oud (AdG DNA),90,8.2,"Top Notes: Sea Notes, Bergamot Heart Notes:  Rosemary, Sage, Geranium, Anise Base Notes: Incense, Patchouli, Ambroxan, White Musk, Vetiver, Moss  ",fresh-aquatic,Aquatic,5,5,,AdG DNA nuclear 
Cold,,0,Ahmed Al Maghribi,Bin Shaikh,100,8.6,,woody-oriental,Wood,,,Ahmed Al Maghribi,
Any,8,8.5,Ahmed Al Maghribi,Blue Oud (Gissah Imperial Valley),10,8.3,"Top Notes: Bergamot, Cypress, Leather Heart Notes:Incense, Violet Leaves, Geranium Base Notes:   Patchouli, Musk, Agarwood, Guaiac Wood",woody-leathery,Wood,6,4,Ahmed Al Maghribi,incense based with Bergamot. nicely blended and nuclear. reminds me of Interlude Black Iris
Cold,10,8.25,Ahmed Al Maghribi,Cinder (Gissah Imperial Valley),10,8,,woody-spicy,Wood,6,4,Ahmed Al Maghribi,
Cold,5,9,Ahmed Al Maghribi,Ighraa (Dior Sauvage Elixir),110,8.4,"Top Notes:  Tobacco, Black Pepper, Pineapple, Cardamom, Nutmeg, Cinnamon, Grapefruit Heart Notes: Patchouli, Coffee, Iris, Lavender. Base Notes:   Vanilla, Amber, Drywood, Benzoin, Labdanum, Sandalwood, Haitian Vetiver",woody-spicy,Wood,6,3,Ahmed Al Maghribi,Excellent
Cold,4,7,Ahmed Al Maghribi,Ignite Rose ,10,8,,floral-fougèreartig,,4,6,Ahmed Al Maghribi,all rose
Hot,10,8.5,Ahmed Al Maghribi,Kaaf (A&F Fierce),10,7.9,"Top Notes: Red Fruits, Watermelon, Lavender, Sicilian Orange Jeart Notes: Sandalwood, Ambroxan, White Musk. Base Notes:  Lotus, Jasmine, Lily of the Valley, Sea Accord",fresh-aquatic,Fresh,5,7,Ahmed Al Maghribi,Shower Gel nice musky with fruit opening
Any,12,8.25,Ahmed Al Maghribi,Laathani (Gissah Imperial Valley),10,8.5,"Top Notes: Fresh Notes, Candied Fruits, Pink Pepper Heart Notes:Oud Accords, Rosemary, Bakhoor Accords",woody-fresh,Wood,5,7,Ahmed Al Maghribi,Starts out sweet and fruity. a touch more sweetness and a little less incense compared to Blue Oud. a little more powerful.
Cold,8,9,Ahmed Al Maghribi,Marj ,10,8.4,"Top Notes:  Bergamot, Pink Pepper, Elemi, Nutmeg, Tangerine, Oud, Honey. Heart Notes:  Patchouli, Aromatic Accords, Vetiver, Cashmere Wood, Cinnamon, Rose, Saffron, Jasmine, Orange Blossom Base  Notes: Musk, Amber, Raspberry, Saffron, Oakmoss, Powdery, Ambrette Seeds, Leather, Sandalwood, Violet, Agarwood, Ambroxan",oriental-floral,Wood,5,6,Ahmed Al Maghribi,"excellent construction oud accord with white florals, fruity and amber"
Cold,6,8,Ahmed Al Maghribi,Rawdha,10,8.6,,floral-oriental,Fresh,3,5,Ahmed Al Maghribi,Rose forward at the start but gets soapy. excellent blend
Hot,3,7,Ahmed Al Maghribi,Zeleny (PDM Greenly),10,8.5,,woody-fresh,,1,6,Ahmed Al Maghribi,Fruity for a couple hours and feminine
Hot,4,8.25,Al Haramain,Amber Oud Aqua Dubai (LV Imagination),100,8.1,,citrusy-fresh,Fresh,2,,,Gym- Fresh clean gym scent
Hot,6,8.25,Al Haramain,L'Aventure Knight (Creed GIT),100,7.3,,fresh-green,Powder,1,,,Powdery GIT
Any,,0,Al Rehab,Blue (AdG),6,6.3,,fresh-citrus,Aquatic,,,,AdG dupe
Any,5,8.25,Al Rehab,Champion Black Roll-on Oil (Creed GIT),36,5.4,,green-fresh,Fresh,4,30,,GIT dupe
Any,,0,Al Rehab,Choco Musk,6,7.7,,gourmond-sweet,Gourmond,,,,measured in inches of rollon
Any,,8,Al Rehab,Clever Man (Lacoste L.12.12 White),6,7.5,,,,3,12,,bright citrusy with a balanced musk 
Any,6,8,Al Rehab,Dakar Roll-on Oil (Drakkar),48,8.2,,green-fresh,Fougere,6,12,,measured in inches of rollon
Any,,0,Al Rehab,Lord (Lapidus Pour Homme),6,7.3,,spicy-fougering,Fougere,,,,Lapidus Pour Homme
Any,,6,Al Rehab,Lord Blue Roll-on Oil (Dior Sauvage),36,7.8,,,,,,,Sauvage
Any,6,7.75,Al Rehab,Sultan al Oud Roll-on Oil (Nasomatto Black Afgano),36,7.9,,woody-oriental,Vanilla,3,20,,measured in inches of rollon
Any,5,7,Al Rehab,Sultan Roll-on Oil (Arabian Oud Sultani),36,7.4,,spicy-woody,Musk,2,30,,measured in inches of rollon
Any,,0,Al Rehab,Superman,6,7.5,,spicy-oriental,,,,,measured in inches of rollon
Any,,0,Al Rehab,U2,6,7,,fresh-woody,,,,,measured in inches of rollon
Any,,0,Al Rehab,Yes,6,7,,,,,,,measured in inches of rollon
Any,,0,Al Rehab,Zidan,6,7,,sweet-green,,,,,measured in inches of rollon
Hot,6,7.5,Amouage,Beach Hut Man,5,7.9,green-woody-aromatic-earthy-mossy-fresh-fresh spicy,green-fresh,Fougere,3,4,Elise Benat,Minty fougere
Cold,,7.75,Amouage,Boundless,2,8.1,,spicy-woody,,,,Karine Vinchon Spehner,
Any,8,8.75,Amouage,Decision ,12,8,amber-aromatic-fresh spicy-warm spicy-woody-balsamic-vanilla-citrus-sweet,spicy-woody,Spice,4,,Quentin Bisch,2 sprays 
Any,2,3,Amouage,Enclave,2,8.1,,spicy-fresh,Fougere,?,,Julien Rasquinet,not a fougere. mint for an hour and then its gone
Cold,4,6.5,Amouage,Epic Man,2,8,,spicy-woody,Spice,2,,Randa Hammami,Oriental- Green kinda of smells like teriyaki 
Cold,4,7.75,Amouage,Imitation Man,2,7.4,,floral-leathery,Chypre,2,5,Leslie Girard,rose is strong on clothes so skin only 2 to the neck and 2 on each wrist
Cold,12,8.75,Amouage,Interlude 53,15,8.4,,smoky-spicy,Spice,6,,Pierre Negrin,Incense- 2 sprays smoky excellence
Cold,12,8.5,Amouage,Interlude Black Iris,17,8.2,amber-woody-powdery-iris-fresh spicy-warm spicy-leather-aromatic-balsamic-oud,smoky-spicy,Spice,6,,Pierre Negrin,Incense- Rosemary start
Cold,10,8.75,Amouage,Interlude Man,22,7.8,,smoky-spicy,Spice,4,,Pierre Negrin,Incense- 5 sprays 
Cold,3,8,Amouage,Journey 2015,2,8.1,,spicy-smokey,,2,7,Pierre Negrin and Alberto Morillas,
Any,6,8.25,Amouage,Journey Man,10,8.1,,spicy-smokey,,4,6,Pierre Negrin and Alberto Morillas,
Any,6,8.5,Amouage,Jubilation 40 Extrait,20,8.5,,oriental-woody,Fougere,4,4,Bertrand Duchaufour,sugar coated blackberry fougere
Any,,0,Amouage,Jubilation XXV 2019 WMS11979-1 ,10,8.4,amber-sweet-warm spicy-woody-balsamic-fruity-fresh spicy-oud-aromatic-honey,oriental-spicy,Fougere,,,Bertrand Duchaufour,
Cold,6,9,Amouage,Jubilation XXV Man,52,8.4,amber-sweet-warm spicy-woody-balsamic-fruity-fresh spicy-oud-aromatic-honey,oriental-spicy,Fougere,2,,Bertrand Duchaufour,
Cold,12,8.5,Amouage,King Blue,5,7.7,,woody-oriental,Oud,5,2,Alexis Grugeon and Hamid Merati-Kashani,First 10 minutes is animalic balanced with citrus and sweetness of amber 
Any,8,7.75,Amouage,Line 618,2,6.6,,creamy-leathery,,4,4,Nathalie Lorson,makeup powdery 
Any,8,7.75,Amouage,Meander,2,7.6,,creamy-woody,Feminine,3,7,Mackenzie Reilly,nice sandlewood but is lipsticky and too feminine
Cold,6,8,Amouage,Memoir Man,2,8,,woody-spicy,Spice,4,,Karine Vinchon Spehner,Incense- nice aromatics at the start
Cold,10,8.75,Amouage,Opus XVI Timber,15,7.8,,woody-spicy,Wood,5,3,Alexis Grugeon,6 sprays was too much. woods and patchouli 
Cold,12,8,Amouage,Outlands,7,8.5,,spicy-woody,Amber,6,3,Cécile Zarokian,Nice balance but a little too sweet
Cold,,8.5,Amouage,Overture Man,2,8,,spicy-woody,Spice,5,2,Karine Vinchon Spehner,boozy and animalic opening not work safe
Hot,8,7.5,Amouage,Portrayal Man,2,7.9,,floral-woody,Wood,4,,Pierre Negrin,Green florals and incense. its nice
Cold,8,8.25,Amouage,Purpose 50,10,8.4,,spicy-woody,Spice,3,4,Quentin Bisch,skin scent after a couple hours
Cold,,8,Amouage,Reasons,2,7.2,,woody-spicy,,,,Bertrand Duchaufour,
Cold,8,7,Amouage,Reckless Leather,2,7.4,,spicey-woody,Animalic,4,3,Alberto Morillas and Pierre Negrin,
Any,8,7.75,Amouage,Reflection 45,5,8.8,,floral-powdery,Powder,4,,Lucas Sieuzac,Dior Homme Parfume
Hot,6,7,Amouage,Reflection Man,2,8.6,,floral-fresh,Floral,?,,Lucas Sieuzac,
Cold,,8.75,Amouage,Royal Tobacco ,10,8.1,,smokey-spicy,Spice,?,,Cécile Zarokian,Tobacco- layer with silver Oud 
Cold,8,8.25,Amouage,Silver Oud,10,8,woody-leather-oud-smoky-earthy-balsamic,smokey-woody,Oud,4,,Cécile Zarokian,barnyard try with royal tobacco
Any,,7.75,Amouage,Woods Symphony,5,7.4,,woody-floral,,,,Jacques Cavallier Belletrud,not really my jam
Any,4,8.25,Antonio Puig,Quorum  '01-'05,30,7.5,,spicy-leathery,Fougere,3,5,,
Any,12,8.5,Arabian Oud,Amiri,5,8.7,citrus-woody-powdery-amber-fresh spicy-musky-sweet-soft spicy-vanilla,fresh-citrusy,Fresh,?,,Miroslav Petkov,
Hot,8,8.5,Arabian Oud,Centro,100,8.4,,citrusy-sweet,Aquatic,4,,,
Any,12,8.5,Arabian Oud ,Sultani,105,8.6,musky-warm spicy-citrus-powdery-woody-fruity-sweet-floral-amber-aromatic-,fresh-citrusy,Musk,6,3,,musk bomb nuclear performer
Any,6,8,Aramaf,Club De Nuit Intense Man Limited Edition (Creed Aventus),100,8.2,,citrusy-smoky,Citrus,1,,,Pineapple sits close to skin but scent bubble
Hot,4,8,Aramaf,Club De Nuit Sillage (Creed GIT),100,7.3,,citrusy-fresh,Citrus,4,,,Gym- citrus synthetic metallic rose powder
Hot,4,8,Aramaf,Legesi Homme (Chanel Egoiste Platinum),100,7.9,,fresh-fougèreartig,Fougere,2,,,
Hot,,8.25,Aramis,New West,10,7.6,,fresh-spicy,Fougere,2,,Harry Fremont,Green and a little powdery
Cold,5,8.75,Areej le Doré ,Russian Oud II,1,8.5,,resinous-woody,Oud,3,1,Russian Adam,natural musk slightly barnyard cocao 
Any,7,8.25,Aromas de Salazar,1882,4,8,,,Fougere,3,4,Michael Salazar,powdery fresh not barbershop fresh laundry with a little floral pink downy fabric softner
Any,,8,Aromas de Salazar,1917,2,8,,,Chypre,,,Michael Salazar,
Any,,8.25,Aromas de Salazar,1953,2,8,amber-spicy,,Amber,,,Michael Salazar,
Any,5,8.25,Aromas de Salazar,Oud Fougere,4,8,earthy-fougering,,Fougere,2,6,Michael Salazar,interesting oud aspect in a fougere blended to perfection 
Cold,8,8.25,Artisan Dixit,Amber Eternal,13,?,,,Amber,2,3,,Powdery Oud that starts out animalic Shalamale-- masculine take on vintage Guerlain Shalimar.
Hot,8,8,ATH,Blue Fever,5,7.9,aquatic-fresh-citrus-fruity-green,aquatic-fresh,Aquatic,2,,Aaron Terence Hughes,suttle or noseblind strong complement getter
Any,8,8.5,ATH,Hombre ,10,8.3,,citrusy-earthy,Blue,5,,Aaron Terence Hughes,Intense citrus to start and then turns blue
Any,6,8,ATH,Homme,5,8.5,vanilla-powdery-iris-woody-amber-sweet-musky-earthy-warm spicy-aromatic,powdery-sweet,Vanilla,2,,Aaron Terence Hughes,
Any,6,8.5,ATH,Legend,30,8,cirtus-amber-aromatic-woody-balsamic-fresh spicy-animalic-earthy-mossy-patchouli,citrusy-fresh,Citrus,6,4,Aaron Terence Hughes,aventus 
Any,8,8,ATH,Notorious ,10,8.6,vanilla-citrus-powdery-woody-sweet-aromatic-floral-warm spicy-rum,sweet-citrusy,Vanilla,4,,Aaron Terence Hughes,
Cold,8,8.75,ATH,Slut Elixir,10,8.8,fruity-vanilla-sweet-aromatic-powdery-green-amber-woody-citrus-musky,sweet-fruity,Vanilla,6,,Aaron Terence Hughes,strong performance and smells fantastic
Hot,6,9,ATH ,Supersonic,10,8.6,citrus-fruity-fresh spicy-aromatic-fresh-earthy-sweet-woody-musky-mossy,fresh-citrusy,Citrus,6,3,Aaron Terence Hughes,Better than Aventus smoky with  a little pineapple
Any,6,8.25,Azzaro,Pour Homme Vintage 1978,7,7.7,,spicy-woody,Fougere,2,7,Gerard Anthony and Richard Wirtz,
Cold,2,7.5,Azzaro,The Most Wanted,10,8,lavender-citrus-fresh spicy-mossy-aromstic-alcohol-earlthy-woody-herbal-floral,sweet-spicy,,4,,"Michel Girard, Nadège Le Garlantezec and Shyamala Maisondieu",
Cold,2,7,Azzaro,The Most Wanted Parfum,10,8.3,vanilla-woody-fresh spicy-powdery-fresh,sweet-spicy,,4,,"Michel Girard, Nadège Le Garlantezec, Shyamala Maisondieu and Roxanne Kirkpatrick",
Any,4,7.5,Azzaro,Wanted EDP,11,5.8,aromatic-woody-fresh spicy-heebal-earthy,synthetic-citrusy,,4,,Fabrice Pellegrin and Olivier Cresp,Plain
Cold,,0,Balenciaga,Cristobal 25,2,6.7,,woody-earthy,Wood,,,,
Cold,10,9,BDK,Gris Charnel Extrait,15,8.5,,spicy-woody,Wood,5,4,Mathilde Bijaoui,Slightly powdery
Cold,,0,Bentley,Bentley Intense,100,7.6,woody-warm spicy-amber-fresh spicy-rum-smokey-leather-balsamic-aromatic-cinnamon,spicy-woody,Wood,?,,Nathalie Lorson,
Any,6,8,Boadicea the Victorious,Blue Sapphire ,5,8.1,,spicy-oriental,Fougere,2,,Christian Provenzano,Animalic decent scent
Cold,,8,Bortnikoff ,Lao Oud,1,8,,woody-animal,Oud,?,,Dmitry Bortnikoff,
Cold,4,8,Bortnikoff ,Sayat Nova,1,8,,woody-fruity,Oud,1,2,Dmitry Bortnikoff and Rajesh Balkrishnan,chocolate not animalic
Cold,2,5,Burberry,Hero EDP,1,7.3,amber-woody-warm spicy-aromatic-balsamic-smokey,woody-sweet,,?,,Aurélien Guichard,Plain
Any,5,8,Bvlgari ,Kobraa,30,8.5,,spicy-smoky,Fougere,2,7,Jacques Cavallier Belletrud,Different
Any,8,9.25,Bvlgari ,Tygar Extrait,5,8.4,,citrusy-fresh,Citrus,4,2,Jacques Cavallier Belletrud,rich and decadent 
Hot,,0,Byredo,Bal d'Afrique,7,8.1,,floral-fresh,Feminine,,,Jérôme Epinette,
Any,4,8.5,Byredo,Bal D'Afrique Absolu De Parfum,10,8.6,,sweet-fruity,Feminine,4,4,Jerome Epinette,
Hot,,6,Carolina Herrerra,Bad Boy Cobalt,1,7.4,aromatic-woody-fruity-powder-fresh soicy-earthy-sweet-soft spicy-herbal-rose,sweet-synthetic,,?,,Domitille Michalon Bertier,Great
Any,8,9,Celine,Dans Paris,10,8.4,"vanilla,floral-powdery-fresh spicy-musky-sweet-citrus",sweet-creamy,Powder,?,,,Dough Vanilla Powder 
Cold,6,8,Celine ,Black Tie,6,8.6,powdery-vanilla-iris-woody-earthy-musky-sweet-mossy,sweet-powdery,Powder,2,,,Doughy vanilla - musk - a little Woods. projects good for 2 hours
Any,4,7.5,Chanel,1957,10,8.3,powdery-musky-iris-aidehydic-woody-white floral-citeus-fresh-sweet-earthy,powdery-fresh,Powder,1,,Olivier Polge,Light scent
Hot,4,7,Chanel,28 Le Pausa,6,7.6,,green-powdery,Powder,2,,Jacques Polge,Lipstick dries down powdery and mature. not good
Hot,5,8.25,Chanel,Allure Homme Édition Blanche,5,8.5,,citrusy-fresh,Citrus,3,,,Lemon Pie
Any,2,7,Chanel,Allure Homme Édition Extreme,5,8.3,,fresh-sweet,Fresh,0,,Jacques Polge,No performance 
Any,8,9,Chanel,BDC EDP,30,8.2,citrus-amber-woody-fresh spicy-aromatic-warm spicy-smokey-fresh-balsamic-powdery,fresh-citrusy,Blue,4,,Jacques Polge,woody and strong
Any,6,8.75,Chanel,BDC EDT,10,7.7,Citrus,fresh-citrusy,Blue,3,3,Jacques Polge,6 hours projection until skin scent
Any,8,9.5,Chanel,BDC L'xclusiv,40,7.3,Wood,woody-spicy,Powder,5,7,Olivier Polge,Starts off like sauvage then gets real powdery
Any,4,7.5,Chanel,BDC Parfum,5,8.3,Wood,woody-fresh,Blue,1,,Olivier Polge,No performance 
Cold,6,9,Chanel,Coromandel EDP,6,8.4,,earthy-woody,,2,3,Jacques Polge,
Cold,,0,Chanel,Coromandel EDT,8,8.3,,woody-oriental,,,,Jacques Polge,
Cold,9,8,Chanel,Le Lion,5,8.2,,smoky-resinous,,3,,Olivier Polge,lipstick powdery leans feminine old woman smell 
Hot,,0,Clandestine Laboratories,Ashes,2,7.9,,?,,,,Mark Sage,
Any,,0,Clandestine Laboratories,Astoria,2,7.6,,green-floral,,,,Mark Sage,
Any,,0,Clandestine Laboratories,Certo,2,?,,woody-fresh,,,,Mark Sage,
All,,0,Clandestine Laboratories,Covert,2,9.3,,citrusy-resinous,,,,,
Any,,0,Clandestine Laboratories,Haunted,2,7.5,,spicy-citrusy,,,,Mark Sage,
Any,,0,Clandestine Laboratories,Haunted,2,7.5,,spicy-citrusy,,,,Mark Sage,
Cold,,0,Clandestine Laboratories,Master,2,7.6,,leathery-sweet,,,,Mark Sage,
Cold,,0,Clandestine Laboratories,Nova Chocolate,2,6.4,,gourmand-resinous,Gourmond,,,,
Any,,0,Clandestine Laboratories,Oaxaca,2,?,,green-spicy,,,,Mark Sage,
Hot,,0,Clandestine Laboratories,Sea Otter,2,8,,aquatic-green,,,,Mark Sage,
Hot,,0,Clandestine Laboratories,Vert,2,?,,,,,,,
Any,6,8.75,Clandestine Laboratories ,Film Noir,75,8.3,"Spanish lavender, neroli, tomar seed, rose, allspice, orris, honey, vanilla absolute, patchouli, Buddhawood, vetiver, oud, choya loban, tonka, civet - oakmoss",woody-powdery,Fougere,,,Mark Sage,
Any,,8.75,Clandestine Laboratories ,Island,2,?,"juniper, yuzu, soapy white florals, green peppercorn, blue lotus, hiba wood, tolu balsam, incense, tobacco, ambergris, oakmoss, vanilla, white musks",cool-spicy,Spice,,,Mark Sage,
Any,8,8.75,Clandestine Laboratories ,Racer-X,60,?,"lemon, bergamot, mandarin, bitter orange, rose geranium, rosewood, clary sage, cardamom, mace, dark fruits, salty sea air, teak, frankincense, balm of Gilead, mimosa, vetiver, cedar moss, patchouli, muguet, and musk",,Fresh,3,5,Mark Sage,line soirt cologne
Any,4,7.75,Clandestine Laboratories ,Sanctuary,2,?,"bergamot, cedrat, tomato leaf, maté, frankincense, opoponax, balsam Peru, cistus, musk",,,1,7,Mark Sage,
Any,,8.5,Clandestine Laboratories ,Silver,2,?,"mint, saro, African helichrysum, lavender, thyme, green peppercorn, blue water lily, myrrh, styrax, patchouli, vetiverol, pine moss, sandalwood, fossil amber and ambergris",minty-smoky,Amber,,,Mark Sage,
Hot,,8.25,Clandestine Laboratories ,The Boy,50,8,"lemon iced tea, guava, passion fruit, hyssop, lavender, iris, rose, cedar, tobacco, vetiver, treemoss and some primal musk",fruity-citrusy,Fruity,,,Mark Sage,
Cold,,0,Clive Christen,Blonde Amber,1,9,Amber,sweet-spicy,,?,,Vincent Ricord,
Hot,,0,Concreted,A Thousand Miles,1,6.5,,green-fresh,,,,?,
Any,,0,Concreted,Dyed,1,7.1,,woody-fresh,,,,?,
Cold,,0,Concreted,Sesame Shower,1,7.7,,gourmond-woody,,,,?,
Any,8,9.5,Creed,Absolu Aventus  ,70,8.4,Citrus,fruity-fresh,Fruity,3,7,,smokey pineapple but need to reapply
Hot,8,9,Creed,Aventus Cologne ,35,8.4,,fresh-citrusy,Fresh,6,4,Olivier Creed,
Any,8,9.25,Creed,Bois de Portugal ,35,8,Wood,woody-spicy,Fougere,3,,Olivier Creed,
Cold,8,8.25,Creed,Centaurus,10,7.8,,spicy-sweet,Spice,5,4,,cinnamon vanilla and tobacco 
Any,6,8,Creed,Green Irish Tweed,10,8.1,Ozonic,green-fresh,Green,3,6,Olivier Creed and Pierre Bourdon,Excellent but weak
Any,,0,Creed,Green Irish Tweed 2016,15,8.1,Ozonic,green-fresh,,?,,Olivier Creed and Pierre Bourdon,
Any,2,7.5,Creed,Himalaya,5,7.7,Citrus,fresh-citrusy,Fougere,0,,Olivier Creed and Erwin Creed, Better than SMW but weak
Any,4,8.25,Creed,Himalaya '17 C3917R01,30,7.7,Citrus,fresh-citrusy,Fougere,2,,Olivier Creed and Erwin Creed,
Hot,,7.5,Creed,Milliseme Imperial,5,7.9,Marine,fresh-citrusy,Fresh,0,,Olivier Creed and Pierre Bourdon,Well blended but close to skin
Any,,0,Creed,Milliseme Imperial 2016,1,7.9,,fresh-citrusy,Fresh,,,,
Any,1,5,Creed,Original Vetiver ,11,8,Wood,fresh-green,Fresh,?,,,Excellent but weak
Cold,12,7,Creed,Oud Zarian ,10,7.3,,spicy-woody,Wood,6,,,
Hot,,0,Creed,Royal Mayfair,10,7.8,,floral-fresh,Floral,?,,Olivier Creed,
Any,8,9.5,Creed,Royal Oud ,60,8.2,Wood,woody-spicy,Wood,?,,Olivier Creed and Julien Rasquinet,
Any,8,9.5,Creed,Royal Oud 2010,10,8.2,Wood,woody-spicy,Wood,?,5,Olivier Creed and Julien Rasquinet,
Hot,3,8,Creed,Silver Mountain Water,5,7.9,Citrus,fresh-citrusy,Fougere,3,5,,
Any,4,9,Creed,Viking Cologne,105,7.3,Aromatic,fresh-citrusy,Fougere,?,,Olivier Creed and Erwin Creed,
Any,8,9.25,Creed,Viking F001745,100,7.7,Aromatic,spicy-fresh,Fougere,2,,Olivier Creed and Erwin Creed,
Hot,4,8,Creed,Virgin Island Water,5,8.3,Citrus,fresh-citrusy,Citrus,?,,Olivier Creed and Erwin Creed,
Any,10,2,D&S Durga,Burning Barbershop,10,7.7,,smokey-spicey,Fougere,5,3,David Seth Moltz,smells like a campfire 
Cold,6,7.5,Davidoff ,Zino,100,7.8,Wood,woody-spicy,Fougere,?,,Michel Almairac,
Any,8,8,Dior,Dior Homme 2020,10,7.7,Wood,woody-fresh,Wood,2,,François Demachy,similar to Prada l'homme
Cold,6,8.5,Dior,Homme Intense 2025,10,8.5,Iris,sweet-powdery,Powder,?,,,
Any,1,5,Dior,Sauvage EDP,100,7.8,Spice ,fresh-spicy,Fougere,?,,François Demachy,No performance 
Cold,8,9,Dior,Sauvage Elixir 03-2022 2C05,65,8.1,Spice,spicy-woody,Spice,4,3,François Demachy,kind of weak
Any,6,8.75,Diptique,Orpheon EDP,12,8.1,Powder,floral-fresh,Linen,1,6,Olivier Pescheux,
Cold,6,6,Dolce & Gabbana ,Devotion for Men,1,5.4,Coffee ,gourmand-spicy,Gourmond,?,,Olivier Cresp,Plain
Cold,6,5,Dolce & Gabbana ,Luminous Night,10,8.6,,oriental-sweet,Spice,1,,Jean-Christophe Hérault,Very weak for what's in it
Cold,5,8.75,Dolce & Gabbana ,The One Intense,100,7.5,Spice ,sweet-floral,Powder,1,,Jean-Christophe Hérault,
Cold,6,7.75,Dolce & Gabbana ,The One Parfum,10,8.4,,sweet-spicy,Powder,1,,Jean-Christophe Hérault,sits too close to skin
Hot,,0,DUA,Best Citrus Ever (Irois by Henry Jacques),2,7.7,,citrusy-fresh,,,,,
Any,,0,DUA,Cosmopolitan Vintage (Dior Eau Sauvage),33,?,,,Fougere,,,,
Any,,0,DUA,"For You, Sir!",30,?,,,,,,,
Any,,0,Dua,Invasion of the Barbers (MDCI Invasion Barbaré),33,8.1,,spicy-woody,Fougere,,,Dua,
Any,,0,DUA,Invasion of the Royal Barbers (MDCI Invasion Barbarè & Creed BdP),33,8.9,,fresh-chypre,Fougere,,,,
Any,,0,DUA,Man Card (Gucci Pour Homme 2003),33,?,,,Fougere,,,,
Cold,,0,DUA,Oud of Ulya (Amouage Oud Ulya),33,?,,,Fougere,,,,
Cold,,0,DUA,Takes 2 To Tango (Tango by Masque Milano),2,?,,,,,,,
Any,,0,DUA,The SHIT,30,?,,,,,,,
Cold,12,8.75,Essential Parfums,Bois Imperial Extrait,5,8.3,,spicy-woody,Wood,6,3,Quentin Bisch,"3 sprays no rose, leather, a little green for, cedar and a little sweetness to balance it out"
Hot,6,8.75,Essential Parfums ,Bois Imperial EDP,10,8.1,,fresh-woody,,4,3,Quinten Bisch,all seasons fresh woody scent
Cold,8,8.75,Essential Parfums ,Patchouli Mania,10,6.7,,earthy-spicy,Patchouli,4,5,Fabrice Pellegrin,
Cold,,0,Etat Libre D'Orange,500 Years,2,6.9,,spicy-floral,,?,,,
Any,,0,Etat Libre D'Orange,Archives 69,2,6.9,,spicy-fruity,,?,,Christine Nagel,
Cold,,0,Etat Libre D'Orange,Arranger Le Soleil Marquis,2,7.4,,resinous-spicy,,?,,Quentin Bisch,
Cold,,0,Etat Libre D'Orange,Clean Suede (Tom Finland),2,7.3,,leathery-spicy,,?,,,
Cold,,0,Etat Libre D'Orange,Divin' Enfant,2,7.2,,sweet-floral,,?,,Antoine Lie,
Any,,0,Etat Libre D'Orange,Eud du Protection,2,7.1,,floral-spicy,,?,,Antoine Lie and Antoine Maisondieu,
Hot,,0,Etat Libre D'Orange,Exit The King,2,7.1,,floral-fresh,,?,,Cecile Matton and Ralf Schwieger,
Any,,0,Etat Libre D'Orange,Experimentum Crusis,2,7.1,,floral-spicy,,?,,Quentin Bisch,
Cold,,0,Etat Libre D'Orange,Fat Electrician ,2,7.3,,woody-spicy,,?,,Antoine Maisondieu,
Cold,,0,Etat Libre D'Orange,Frustration,2,7.2,,gourmond-sweet,,3,,,
Hot,,0,Etat Libre D'Orange,Hermann à mes côtés me paraissait une ombre,2,7.5,,spicy-synthetic,,?,,Quentin Bisch,
Hot,,0,Etat Libre D'Orange,Les Fleurs du déchet – I am Trash,2,7.1,,fruity-fresh,,?,,Daniela Andrier,
Cold,,0,Etat Libre D'Orange,Like This,2,7.1,,spicy-floral,,?,,Mathilde Bijaoui,
Cold,,0,Etat Libre D'Orange,Nostos,2,7.7,,lesthery-spicy,,?,,Jordi Fernández,
Cold,,0,Etat Libre D'Orange,Rein,2,7,,learhery-spicy,,?,,Antoine Lie,
Cold,,0,Etat Libre D'Orange,Rein Intense Insense ,2,7.6,,smoky-spicy,,?,,,
Hot,,0,Etat Libre D'Orange,Remarkable People,2,7.3,,spicy-fresh,,?,,Cecile Matton,
Any,,0,Etat Libre D'Orange,She was an Anomaly,2,6.9,,powdery-floral,,?,,Daniela Andrier,
Cold,,0,Etat Libre D'Orange,Soul of my Soul,2,7,,spicy-woody,,?,,,
Hot,,0,Etat Libre D'Orange,Sous Le Pont Mirabeau,2,6.8,,aquatic-fresh,,?,,,
Cold,,0,Etat Libre D'Orange,Spice Must Flow,2,7.4,,spicy-floral,,?,,,
Cold,,0,Etat Libre D'Orange,Story of Your Life,2,6.4,,sweet-gourmond,,?,,,
Hot,,0,Etat Libre D'Orange,The Ghost In The Shell,2,7.4,,synthetic-fresh,,?,,,
Hot,,0,Etat Libre D'Orange,You or Someone Like You,2,7.7,,green-fresh,,?,,Caroline Sabas,
Any,4,7,Ex Nihilo,Speed Legends,2,8,,fresh-citrusy,Fresh,1,8,Jordi Fernández,cant smell it 
Any,6,8,Fragrance One,Date,100,6.4,Citrus,sweet-fruity,Blue,?,,Alberto Morillas,Fruity fresh scent with great performance 
Any,8,9,Fragrance One,Office,100,7.3,Amber,fresh-citrusy,Fresh,?,,Alberto Morillas,
Hot,7,9,Fragrance World,Maison D'Arabie Marine Blue (LV City of Stars),100,8,,n/a,Fresh,?,,,Clean soapy 6 hours with 10 sprays
Any,3,8,French Avenue,Moonstone Bleu(Pentigans Sartorial),100,7.4,,fougèreartig,Fougere,?,,Carole Calmettes,
Hot,2,8,Giorgio Armani,Aqua De Gio Parfum ,1,8.2,Aromatic ,aquatic-fresh,Aquatic,?,,Alberto Morillas,Decent 
Cold,8,9,Giorgio Armani,Code Absolu ,210,8,Vanilla,sweet-spicy,Vanilla,?,,Antoine Maisondieu,
Cold,4,7,Giorgio Armani,Code EDP,10,8.2,Spice,sweet-spicy,Sweet,?,,,
Any,6,8,Giorgio Armani,Code Parfum ,10,7.8,Iris,fresh-sweet,Fresh,?,,Antoine Maisondieu,Not much powder. Heavy iris. 
Hot,6,8.75,Giorgio Armani,Profundo,10,7.6,,aquatic-fresh,Aquatic,4,3,Alberto Morillas,Strong projection best in the lineup
Hot,4,8,Giorgio Armani ,Aqua di Gio  Essenza,10,7.8,fresh spicy-aromatic-citrus-fresh-aquatic-woody-floral-amber-floral-green,fresh-aquatic,Aquatic,?,,Alberto Morillas,Jean-Paul Guerlain
Cold,4,9.5,Givenchy,Enflammed,25,8.3,Vanilla,spicy-sweet,Vanilla,1,,Amandine Clerc-Marie,"Bed time Powder, Tobacco,  Vanilla expensive and amazing"
Cold,8,9,Givenchy,Gentleman EDP,100,8.1,Spice ,powdery-sweet,Powder,?,,Olivier Cresp and Nathalie Lorson,limit sorays 12hr 5 max best projection and performance
Any,8,8.5,Givenchy,Gentleman EDT Intense ,10,7.9,Wood,powdery-spicy,Powder,2,,Nathalie Lorson and Olivier Cresp,Sharp first 2 hours then small scent bubble
Cold,1,4,Givenchy,Gentlemen EDP Boisee,10,7.9,Wood,woody-spicy,Vanilla,?,,Olivier Cresp,gone after 10 minutes
Cold,8,8.5,Givenchy,Gentlemen Reserve Privee,10,8.3,Wood,sweet-powdery,Powder,3,,Nathalie Lorson and Olivier Cresp,"Chocolate, nutty, faint whiskey 8 hr plus 3 hr silliage"
Any,1,6,Givenchy,Gentlemen Society,10,7.3,Aromatic,sweet-powdery,Powder,?,7,Karine Dubreuil-Sereni and Maïa Lernout,4 sprays and low performance decent scent
Cold,8,8.25,Givenchy,Gentlemen Society Ambree,100,7.8,Wood,sweet-spicy,Amber,2,5,Karine Dubreuil-Sereni & Takasago,"elegant sweetness 3 seasons  kind of flat, 2hr decent projection then skin scent for 8hr"
Any,8,8.5,Givenchy,Gentlemen Society Extreme,10,7.8,Wood,sweet-woody,Wood,?,6,Karine Dubreuil-Sereni,Great scent
Cold,6,7,Givenchy,PI,10,7.9,Vanilla,sweet-oriental,Vanilla,?,6,Alberto Morillas,Vanilla musk slightly femenine
Hot,0,1,Givenchy,Trouble-Fete,2,8.3,Green ,fresh-green,Fresh,0,,,Can't smell it
Cold,,7.25,Goldfield & Banks,Silky Woods Elixir,2,7.6,,woody-spicy,,,,Olivier Cresp,
Cold,3,6,Goldfield & Banks,Tales of Amber,10,7.9,Iris,woody-spicy,Amber,?,,Suzy Le Helley,
Cold,,0,Goldfield & Banks,Wood Infusion,2,7.2,,woody-spicy,,,,Hamid Merati-Kashani,
Hot,8,8,Gucci,Guilty Poor Homme EDP,1,7.7,Rose,floral-fresh,Floral,?,,Jacques Huclier,Very rose smelling
Cold,,0,Gucci,Oud- Intense,5,8.3,,woody-oriental,,,,Aurélien Guichard,
Hot,0,1,Guerlain,Apres L'Ondee,2,8.2,,floral-powdery,,0,12,Jacques Guerlain,nothing
Any,,7.5,Guerlain,Habit Rouge Parfum,2,8,,sweet-powdery,,,,Delphine Jelk,smells weird booze vanilla
Cold,,0,Guerlain,Habit Rougue EDP,10,8,,citrusy-powdery,,,,Jean-Paul Guerlain,
Cold,4,9,Guerlain,Héritage EDP,100,8.2,,spicy-woody,Fougere,6,3,Jean-Paul Guerlain,Rich and creamy barbershop
Cold,4,9,Guerlain,Heritage EDT,100,8.2,,spicy-woody,Fougere,6,3,Jean-Paul Guerlain,Less creamy and more spicy patchouli 
Hot,1,7,Guerlain,Jardin De L’Élysée,2,7.8,,fresh-floral,Fresh,1,6,Delphine Jelk,smells nice but can barely smell it
Hot,4,8.5,Guerlain,L'homme Ideal Cologne Forte EDP,5,8.4,,citrusy-fresh,Fresh,3,4,Delphine Jelk,sporty takes heat and motion 
Cold,4,8.75,Guerlain,L'homme Ideal EDP,10,8.4,,sweet-gourmand,Gourmond,2,,Thierry Wasser and Delphine Jelk,Very faint cherry and almond
Cold,,8,Guerlain,L'homme Ideal L'intense,10,8.1,,spicy-sweet,Gourmond,2,3,Thierry Wasser,the pepper does a nice job of balancing the almond and sweetness 
Any,,8,Guerlain,L'Homme Ideal Parfum EDP,2,8.4,,sweet-gourmond,Gourmond,,,Thierry Wasser and Delphine Jelk,
Cold,2,7,Guerlain,Le Parfum du 68,2,8.1,,spicy-sweet,,1,6,Thierry Wasser,No performance 
Cold,2,7.5,Guerlain,Patchouli Paris,10,7.9,,earthy-spicy,Patchouli,1,,Delphine Jelk,
Any,6,7.5,Guerlain,Vetiver Parfum,10,8.1,,green-woody,Green,?,,Delphine Jelk,Dark mysterious mature scent
Any,12,10,GymnTonic,Bone Daddy,50,?,"bergamot, lavender and ginger mixed with cardamom, sandalwood, rosewood, ivy, oakwood and neroli",Shower,Fresh,6,,,Perfect freshie stong as they come
Any,,8,GymnTonic,By,3,?,"fresh spicy. woody, lavender, aromatic, tobacco, leather, amber, powdery, herbal, warm spicy",,Fresh,1,,,nice and fresh but pretty weak
Any,,8,GymnTonic,Original,3,?,"spices and citruses in the top, which includes pepper and walnut, sandalwood, leather, Guaiac wood, and amber. We have united lavender and Artemisia",,Wood,?,,,
Any,,8.5,Gymntonic ,Cupid's Hypnosis,3,?,"Vanilla, Amber, Musk, Spice",Fougere ,Fougere,?,,,citrus fresh 
Any,8,9,Hermes,Terre D'Hermes EDT,100,8.1,,woody-earthy,Wood,4,,Jean-Claude Ellena,
Hot,1,7.5,Histories De Parfums,1725,10,7.6,,powdery-sweet,Fougere,0,,Sylvie Jourdet,
Any,6,9.5,Houbigant,Bois Mystique EDP,10,8,,woody-spicy,Wood,2,6,Luca Maffei,smells better than Creed Royal Oud but doesn't perform as good
Any,10,9.25,Houbigant,Duc de Vervins L'Extreme,130,8.1,,green-fougèreartig,Fougere,4,,,strong 
Hot,2,8,Houbigant ,Fougere Royale,100,8,,fougèreartig-fresh,Fougere,2,,Rodrigo Flores-Roux,Slightly brown but green. the smell of a fern
Cold,,8.5,House Of Mammoth,Fu Dao,50,4,,smoky-synthetic,,?,,Benjamin Esposito,
Any,,8.5,House Of Mammoth,Indigo,50,6.6,,synthetic-gourmand,,?,,Benjamin Esposito,
Cold,10,8.25,Hugo Boss,Bottled Absolu ,100,8.4,,spicy-sweet,Spice,4,,Annick Menardo and Suzy Le Helley,too sweet
Cold,8,8.25,Hugo Boss,Bottled Elixir,100,7.9,,spicy-woody,Spice,4,,Annick Menardo and Suzy Le Helley,
Cold,10,8,Initio,Blessed Barka,10,8.2,,sweet-woody,Wood,4,3,Alberto Morillas,Kkind of feminine
Hot,4,5,Initio,Musk Therapy,5,8.2,,creamy-fresh,Musk,2,12,,Lemon pledge.
Cold,8,8.25,Initio,Oud for Greatness ,5,8.2,,woody-spicy,Oud,4,2,,Layer with Psychedelic Love
Cold,10,8.25,Initio,Psychedelic Love,10,8.1,,sweet-floral,,4,,,Layer with Oud For Greatness
Cold,8,8.25,Initio,Rehab,10,8.3,,spicy-sweet,Spice,2,,,Smooth vanilla fall frag
Cold,8,8,Initio ,Side Effect,10,8.6,,sweet-spicy,Powder,3,7,,cinnamon rum and tobacco 
Hot,6,7.5,Jean Paul Gaultier,Le Beau Le Parfum,10,8,,sweet-fruity,Sweet,2,,Quentin Bisch,beach vibes Coconut pineapple
Cold,3,3,Jean Paul Gaultier,Le Male Elixir Parfum,1,8.3,,sweet-gourmand,Sweet,?,,Quentin Bisch,Too sweet
Cold,5,5,Jean Paul Gaultier,Le Male Le Parfum,10,8.4,,sweet-spicy,Sweet,?,,Quentin Bisch and Natalie Gracia-Cetto,
Cold,5,5,Jean Paul Gaultier,Scandal Le Parfum,2,7.7,,sweet-synthetic,Sweet,3,5,"Quentin Bisch, Natalie Gracia-Cetto and Christophe Raynaud.",sweet linear and boring
Cold,4,8.25,Jean Paul Gaultier,Ultra Male,10,7.9,,sweet-fruity,Sweet,?,3 low,Francis Kurkdjian,Skin scent in 90min very powdery
Cold,8,8.5,Jovoy,Psychedelique,10,8,,earthy-spicy,Patchouli,4,3,Jacques Flori,powdery amber vanilla and patchouli forward
Hot,12,5,Kenzo,Homme Intense,10,7.2,,aquatic-fresh,Aquatic,?,,Quentin Bisch,Brine salt peppery spice aquatic
Hot,8,6,Kenzo ,Homme Marine,10,7.7,,aquatic-fresh,Aquatic,?,,Quentin Bisch,
Any,,7.5,Lalique,Encre Noire Sport ,100,7.7,,woody-fresh,Fresh,,,Nathalie Lorson,
Cold,8,8,Lalique,Pour Homme Lion EDT (Creed BdP),100,7.3,,woody-spicy,Fougere,2,,Maurice Roucel,
Any,8,5,Lattafa,Sheikh Shuyukh Supreme (JPJ Scandal Pour Homme Absolu),100,8.2,,sweet-fresh,Feminine,?,,,
Hot,8,8,Lattafa ,Art Of The Universe (Ex Nihilo Blue Talisman),100,7.6,,fruity-fresh,Fruity,4,8,,
Hot,,0,Le Labo,Ambrette 9,1.5,6.3,Musk,fruity-fresh,Fresh,?,,Michel Almairac,
Hot,,0,Le Labo,Baie Rose 26,1.5,8,Rose,floral-spicy,Floral,?,,Frank Voelkl,
Hot,,0,Le Labo,Coriandre 39,1.5,7.8,Green,fresh-green,Fresh,?,,,
Hot,,0,Le Labo,Jasmine 17,1.5,7.2,Floral,floral-fresh,Floral,?,,Maurice Roucel,
Cold,,0,Le Labo,Mousse De Chene,1.5,8.1,Wood ,spicy-woody,Chypre,?,,Daphné Bugey,
Cold,,0,Le Labo,Patchouli 24,1.5,6.9,Leather,smoky-woody,Leather,?,,Annick Menardo,
Any,8,8,Le Labo,Santal 33,2,7.4,,woody-spicy,Wood,3,6,Frank Voelkl,Great cedar toned down with sandlewood with an interesting violet accord
Any,,7.5,Le Labo,The Noir 29,6.5,8.1,Wood,woody-spicy,Wood,?,,Frank Voelkl,
Cold,8,8.75,Louis Vuitton,Ambre Levant,10,7.9,,spicy-resinous,Oud,4,3,Jacques Cavallier Belletrud,slightly sweet oud and a little animalic
Hot,,0,Louis Vuitton,On The Beach,1,8,,fresh-citrusy,Fresh,,,Jacques Cavallier Belletrud,
Hot,5,7,Louis Vuitton ,City of Stars,0,7.9,,citrusy-floral,Feminine,3,5,Jacques Cavallier Belletrud,Very feminine 
Hot,,9,Louis Vuitton ,Imagination,5,8.9,,fresh-citrusy,Fresh,?,,Jacques Cavallier Belletrud,
Hot,6,8.5,Louis Vuitton ,L’immensite,30,8,,fresh-citrusy,Fresh,?,,Jacques Cavallier Belletrud,
Any,6,8,Louis Vuitton ,Lovers,0,7.5,,woody-green,Powder,3,5,Jacques Cavallier Belletrud and Camille Cavallier,Powdery fresh springtime scent
Hot,3,7,Louis Vuitton ,Météore,5,7.7,,fresh-citrusy,Fresh,2,,Jacques Cavallier Belletrud,powdery but feminine
Hot,,0,Louis Vuitton ,Pacific Chill,2,8.4,,fruity-fresh,Fresh,?,,Jacques Cavallier Belletrud,
Hot,5,8.5,Maison Alhambra,Victorioso  EDP (Paco Robane Invictu,105,8.1,,citrusy-fresh,Citrus,?,,,Fresh clean right out of the shower
Cold,6,5,Maison Martin Margiela,Autumn Vibes,5,6.8,,woody-spicy,Wood,3,,Fanny Bal,Too sweet and no woods
Cold,12,8.75,Maksim ,Oud Indochine,1,8.5,,woody-spicy,Oud,5,3,Maxim Bortnikov and Rajesh Balkrishnan,2 hours in a skin scent with 1 spray - chocolate honey tobacco not animalic
Any,2,5,Mancera,Cosmic Pepper,10,7.4,Citrus,fresh-citrusy,Fresh,?,,Pierre Montale,
Any,0,3,Mancera ,Instant Crush,5,7.9,Wood,sweet-floral,Sweet,0,,Pierre Montale,cant smell it 
Cold,6,8,Mancera ,Red Tobacco Intense,10,7.8,Leather,smoky-spicy,Tobacco,4,3,Pierre Montale,sweet leather tobacco 
Hot,8,8.5,Masion Frances Kurkdjian,Aqua Vitae Forte,5,7.6,,floral-fresh,Citrus,3,,Francis Kurkdjian,cirtrusy fresh balanced by powder and florals. 4 sprays max
Cold,8,9,Masion Frances Kurkdjian,Grand Soir,5,8.6,Amber,sweet-resinous,Amber,3,,Francis Kurkdjian,3 sprays. a little sweet but modern take on am amber
Any,3,7,Masion Frances Kurkdjian,Masculine Pluriel (grey),15,8.2,,fresh-fougèreartig,Fougere,2,7,Francis Kurkdjian,powdery sits close to skin
Cold,8,8,Masion Frances Kurkdjian,Oud Satin Mood Extrait,5,8.5,,floral-sweet,Floral,3,,Francis Kurkdjian,starts with rose but kicks in a beautiful vanilla and hour in woth 3 sprays. I sprays is 10 hours rose so use minimal
Hot,4,7.5,Masque Milano,Sleight of Fern,5,7.6,,green-spicy,Fougere,2,,Stephanie Bakouche,Dewey forest floor and moss bed
Cold,5,8.5,Matiere Premiere,Vanilla Powder Extrait,5,8.4,,sweet-creamy,Vanilla,5,4,Aurélien Guichard,realistic Madagascar vanilla and powdered sugar beautiful scent. the musk keeps it from becoming gourmond 
Any,6,9.5,MDCI,Invasion Barbare,10,8.1,,spicy-fougèreartig,Fougere,3,5,Stephanie Bakouche,
Hot,,8.75,Michael Malul,Oceanic Noir,100,8.6,Marine,fresh-aquatic,Fresh,6,4,,fresh citrusy 
Hot,,0,Mind Games,Blockade,2,8.2,,fresh-fruity,,,,Christelle Laprade,
Any,,0,Mind Games,Gambit,10,7.3,,spicy-fresh,,,,Carlos Viñals,
Any,,0,Mind Games,Queening,2,8,,sweet-creamy,,,,Christelle Laprade,
Any,6,8,Mith,Blue Wood,60,7.6,,woody-spicy,Wood,3,5,slightly sweet,
Any,4,8.25,Mith,Mystery for Him,180,8.1,,sweet-fruity,Fruity,4,3,,Aventus with a little more smoke and sweetness and better performance 
Any,12,8.25,Miyaz ,Iris Cacao Mysore Edition,1,8.8,,gourmond-woody,Oud,2,6,,wear out out house- linear interesting strong blend takes 3 hours to settle
Any,,0,Montagne,Amber Elixir (CC Amber Elixir),50,8,,sweet-woody,Sweet,?,,,
Any,8,9,Montagne,Imaginary (LV Imagination),55,8.8,,citrusy-fresh,Fresh,4,,,this bottle is nuclear
Hot,4,7,Montagne,Irish Verbena (Creed GIT),55,6,,n/a,,0,,,Nice scent but close to skin
Hot,6,9,Montagne,Meteorite (LV Meteor),50,9,,n/a,,6,5,,might make you noseblind
Cold,8,9,Montagne,Royal Aoud (Creed Royal Oud),100,8.25,,n/a,,?,,,
Hot,8,9,Montagne,Tyga Cologne (Bvlgari Tygar),52,8.9,,n/a,,?,,,
Cold,4,7.5,Montagne ,La Nuit 2011 (YSL La Nuit),50,8.8,,n/a,,1,,,smells nice but barely detectable
Cold,8,7,Montale,Vanilla Absolu,10,7.5,,sweet-gourmand,Feminine,3,3,,boring vanilla cupcake very feminine 
Hot,3,7,MontBlanc,Explorer Ultra Blue,10,6.5,,fresh-citrusy,Aquatic,3,5,,generic blue
Hot,,7,MontBlanc,Legend Spirit,10,7.5,,fresh-citrusy,,,,,
Any,8,6.5,Moshino ,Toy Boy,10,7.5,Rose,floral-spicy,Floral,?,,,Rose garden
Cold,,8,Narciso Rodriguez,Blue Noir Parfum,100,8,Powder,powdery-sweet,,?,,,Strong Powdery 
Cold,8,7,Narciso Rodriguez ,Narciso for Him EDT,10,7.4,,spicy-floral,Fougere,4,,,10 sprays for decent silliage
Cold,,0,Nasomatto,Pardon,2,8.2,,woody-spicy,,,,Alessandro Gualtieri,
Any,,0,Nicolai Parfumeur,New York Intense,100,8.3,"Top: Bergamot, Lemon, Thyme, Artemisia Heart: Clove, Cinnamon, Lavender, Chamomile Base: Tonka Bean Absolute, Styrax, Incense Resinoid, Musk      ",spicy-citrusy,Fougere,,,Patricia de Nicolaï,Compared to Creed BdP
Any,2,7,Nishane,B-612,5,8,,fougèreartig-woody,Fougere,0,,,
Hot,,0,Nishane,Hacivat,2,8.1,,fruity-fresh,,,,Jorge Lee,
Any,,0,Nishane,Hacivat Oud,2,7.9,,woody-spicy,,,,Dominique Ropion,
Cold,,0,Nishane,Papulofiko,10,7.9,,spicy-sweet,,?,,,
Hot,1,7.5,Ormonde Jayne,Montabaco Verano,10,8.1,,fresh-citrusy,,0,5,Geza Schoen,skin scent
Cold,,0,Orto Parisi,Brutus,2,7.9,,woody-spicy,,,,Alessandro Gualtieri,
Cold,2,7.5,Parfums de Marly,Carlisle ,5,8.4,Vanilla,spicy-sweet,,2,7,,3 sprays sits too close to skin. patchouli and vanilla drydown
Hot,8,8,Parfums de Marly,Castley,5,7.5,Spice,fresh-citrusy,,?,,,
Hot,6,7.75,Parfums de Marly,Greenly,5,7.8,,fresh-green,Fresh,3,4,Green apple and linear ,
Cold,8,8.25,Parfums de Marly,Haltane,15,8.2,,spicy-woody,,4,,,similar to oud for Greatness 
Cold,,8.25,Parfums de Marly,Herod,10,8.5,,sweet-spicy,,2,,,Tobacco- cherry pipe Tobacco masterfully blended
Cold,4,8.5,Parfums de Marly,Layton,5,8.6,Spice ,sweet-spicy,,2,,,needs retested with more than 3 sprays as 90min in its a skin scent
Cold,,0,Parfums De Marly,Layton Exclusif,2,8.3,,woody-spicy,,,,Hamid Merati-Kashani,
Cold,8,7.75,Parfums de Marly,Oajan ,5,8.5,,sweet-gourmand,,?,,,Cinnamon and honey bomb smells like a bakery
Hot,6,8,Parfums de Marly,Percival,5,7.9,Amber,fresh-spicy,,3,6,,Nice fresh and clean scent but doesnt project much
Hot,3,8.25,Parfums de Marly,Sedley,20,8.1,,fresh-citrusy,Fougere,2,,,Soapy like imagination
Hot,,0,Parfums De Marly,Valero,2,5.6,,fresh-sweet,,,,?,
Cold,6,7.5,Penhaligon,Helfati,5,8.1,,spicy-woody,,3,,,Too sweet. blended well and good performer 
Cold,4,9,Penhaligon,Sartorial,5,8,,fresh-spicy,Fougere,2,,,2 hours projection
Any,3,7.75,Penhaligon ,The Tragedy of Lord George EDP,2,8.1,,spicy-woody,,1,8,,no performance 
Hot,,0,Perfumehead,Alone Together,2,7.8,Citrus,?,,?,,,
Cold,,0,Perfumehead,Canadian Tuxedo,2,7.3,Wood,?,,?,,,
Cold,,0,Perfumehead,Cosmic Cowboy,2,8.4,Whiskey,powdery-spicy,,?,,,
Cold,,0,Perfumehead,La La Love,2,8,,?,,?,,,
Hot,,0,Perfumehead,Moon Flower,2,7.5,,?,,?,,,
Any,,0,Perfumehead,Reine des Anges,2,7.8,,?,,?,,,
Any,,0,Perfumehead,Room No,2,8.7,,?,,?,,,
Hot,,0,Perfumehead,Somewhere ,2,8,,?,,?,,,
Cold,,0,Perfumehead,Xanabound,2,7.5,,?,,?,,,
Any,8,7.5,Perito Moreno ,King's Empire,11,7.5,,woody-leathery,Leather,2,5,,not a fan of the ozonics
Cold,6,8.25,Polysnifferous,Amberish Uber Intense ,11,?,"core of TF Amber Absolute: olibanum, labdanum, vanilla, and sandalwood +real civet absolute, and a small dose of 1% skunk tincture",anamalic-amber,Animalic,4,3,Noah Drucker,Tom Ford Amber Absolu + Oud + Anamalics
Any,6,9.25,Polysnifferous,Aventish,50,9.1,"Top: Pineapple, Bergamot, Fruity Pebbles, Apple, Lemon, Pink Pepper Middle: Pineapple, Patchouli, Jasmine, Black Currant Base: Musk, Oakmoss, Ambroxan, Cedarwood, Ambergris, Birch Tar",,Fruit,4,4,Noah Drucker,nuclear for 4 hours 8 hours total 2.5hr pineapple
Any,,0,Polysnifferous,Aventish Blue,30,9.2,"Top: Bergamot, Lemon, Pink Pepper, Sea Salt, Watermelon, Spearmint Middle: Pineapple, Patchouli, Iris, Jasmine, Ylang Ylang, Coconut Base: Musk, Ambroxan, Ambergris, Oakmoss, Cedarwood, Sandalwood",fresh-citrusy,Blue,,,Noah Drucker,
Any,,0,Polysnifferous,Aventish Pink,1,?,"75% Aventish + bubble gum accord, white florals, passion fruit, and solar beachy tones",,Feminine,,,Noah Drucker,
Any,4,7.75,Polysnifferous,Aventish Red,11,8.6,"notes of grapefruit and cranberry. The black currant note is noticeably amped up. The base is supported with the addition of vanilla, smooth woods, and subtle suede",,Fruit,3,6,Noah Drucker,Fruity
Any,6,9,Polysnifferous,Brackish Man,50,8,"Top: Cloves, Cypress, Lavender, Nutmeg, Bay Leaf, Lemon and Bergamot Middle: Geranium, Cedar, Sandalwood and Cinnamon Base: Patchouli, Musk, Tobacco",spicy-clove-cinnamon-nutmeg,Fougere,2,5,Noah Drucker,"starts with the beloved clove-cinnamon-nutmeg spicy fougère profile, then adds a darker amber base and an aromatic tobacco note"
Any,4,8.5,Polysnifferous,Brackish Man Intense,13,10,"same description as Brackish Man, plus a vintage-style animalic accord reminiscent of Kouros",spicy-woody,Fougere,3,5,Noah Drucker,not much performance
Cold,8,7.75,Polysnifferous,Cherry Smoke Intense,5,?,,fruity-smoke,Fruity,4,4,Noah Drucker,smokey with bright cherry and slight animalic
Cold,8,8.5,Polysnifferous,Gentlemen,10,8.5,"Top Notes: Bergamot, Lemon, Grapefruit, Cherry, Pink Pepper Heart Notes: Tobacco, Leather, Cumin, Incense, Cypriol, Hay Base notes: Vanilla, Beeswax, Amber, Russian Leather, Cedar, Benzoin, Civet",spicy-citrus-leather-amber,Wood,2,,Noah Drucker,sits close to skin but excellent
Cold,4,9.25,Polysnifferous,Green Polish Intense,11,?,Vintage Polo Green fomula Green Kinam Oud Prachin Oud Kyara Oud (80 year old) Trat Oud Civet Castoreum Ambergris,,Fougere,4,4,Noah Drucker,
Any,6,9.25,Polysnifferous,Old Man Brackish,50,?,"Top Notes: Bitter Orange, Cloves, Cypress, Lavender, Nutmeg, Lemon and Bergamot Middle Notes: Geranium, Carnation, Pimento, Heliotrope, Jasmine, Cedar, Sandalwood and Cinnamon Base Notes: Benzoin, Vanilla, Tonka Bean, Patchouli, and Musk",,Fougere,3,6,Noah Drucker,75% brackish Man and 25% vintage old spice blend
Cold,4,8,Polysnifferous,The Queen,2,?,"Labdanum, Vanilla, Sandalwood, Cedarwood, Myrrh, Green Kinam Oud, Agarwood, Damask Rose, Bulgarian Rose, Frankincense, Elemi, Patchouli, Honey, Saffron",?,Feminine,4,6,Noah Drucker,built on Amberish Absolute added rose. its nice but too feminine
Any,,0,Polysnifferous,Tonico Miele,30,?,"Top Notes:Bergamot, Eucalyptus, Petitgrain, Cardamom, Black and Pink Pepper, Nutmeg, Aldehydes Middle Notes: Lavender, Neroli, Rose, Jasmine, Geranium, Heliotrope, Hyacinth, HoneybBase Notes: Oakmoss, Clary Sage, Davana, Musk, Sandalwood, Vetiver, Tonka Bean",,Fougere,,,Nitish Dixit and Noah Drucker.,
Cold,4,7.75,Polysnifferous,"You In Danger, Girl",2,?,"Dark Cherry, Cinnamon Candies, Bubblegum, Cotton Candy, Woods, Resins, White Musk",?,Feminine,3,6,Noah Drucker,Hubba Bubba for an hour and then a beastly animalic skin scent
Hot,4,7.5,Prada,Amber Pour Homme,10,7.9,,powdery-fresh,Amber,?,,,
Any,8,9,Prada,L'Homme EDT (PUIG),10,8.4,,powdery-fresh,Powder,?,,,
Cold,8,8.25,Prada,L'Homme Intense ,10,8.4,,powdery-sweet,Powder,2,5,,Iris- Long legs but no silliage and no powder. Dior Intense is much better
Hot,8,9.5,Prada,L'Homme L'eau (PUIG),110,8.2,,powdery-fresh,Powder,2,,,PUIG From Spain not France 
Cold,4,7.5,Prada,Luna Rossa Black,15,8.3,,sweet-powdery,Sweet,3,5,,very sweet with some musk and powder
Hot,3,7.5,Prada,Luna Rossa Carbon (PUIG),100,7.8,,fresh-synthetic,Fougere,2,,,
Hot,4,7,Prada,Luna Rossa Ocean EDT,1,7,,fresh-aquatic,Fougere,?,,,great but weak performance 
Any,3,4,Rabanna,Million Gold,1,6.9,,sweet-spicy,,?,,,Too sweet
Hot,5,7.5,Ralph Lauren,Polo 67 EDT,1,7.5,,fresh-aquatic,,?,,,Great fresh scent
Any,,0,Ralph Lauren,Polo Green Cosmair,5,7.8,,green-spicy,Fougere,,,,
Cold,6,3,Ralph Lauren ,Ralphs Club Elixir,5,7.9,,spicy-woody,,8,,,sweet
Any,3,9,Ralph Lauren ,Safari for Men Aftershave H65,100,7.8,,spicy-woody,Fougere,3,,,
Any,5,9,Ralph Lauren ,Safari for Men Cosmair 18E601,125,7.8,,spicy-woody,Fougere,3,,,
Any,5,9,Ralph Lauren ,Safari for Men Dec'23 SGXD0WU and H65,10,7.8,,spicy-woody,Fougere,3,,,
Cold,4,7.75,Ranger Station,Ernest 1992,2,?,,?,Fougere,2,6,?,classic blend. cedar and pine heavy
Any,8,8,Roger & Gallet ,Open EDT,100,7.9,,spicy-woody,Fougere,?,,,
Any,3,8,Rogue,Bon Monsieur EDT,10,8.4,,fougèreartig-green,Fougere,4,,,10/10 smell but projection is 2 hours tops
Any,4,8.25,Rogue,Mousse Iluminee,10,8.2,,green-spicy,Fougere,2,,,Light  green shaving cream
Hot,,8,Roja,A Midsummer Dream,10,8.2,,fresh-floral,,?,,,
Hot,,7.75,Roja,Burlington 1819,5,8.4,,citrusy-fresh,,?,,,cumin is strong 
Any,8,9.25,Roja,Danger PC,115,7.9,,spicy-floral,Fougere,3,,, spicy gathered shaving cream 
Any,2,5,Roja,Danger Pour Homme,5,8,,spicy-woody,Animalic,0,,,Animalic
Cold,,0,Roja,Diaghlev,2,8.4,,chypreartig-spicy,Wood,1,4,,close to skin but nice tame animalic fragrance
Cold,4,7,Roja,Enigma PC,10,8.4,,spicy-sweet,,2,8,,8 sprays 3 hour projection
Hot,1,6,Roja ,Elysium PC,10,8.4,,fresh-citrusy,Fougere,1,,,Smells nice and citrusy but doesn't last long
Hot,7,8.5,Roja ,Scandal PC,20,7.4,,spicy-fresh,Fougere,3,6,,Modern. minty green slightly powdery
Hot,,0,Scented Water,Aqua Odyssey ,100,?,"Top notes : Bergamot, Black Currant, Apple, Lemon and Pink Pepper - Middle notes : Pineapple, Patchouli and Moroccan Jasmine - Base notes : Birch, Musk, oak moss, Cedarwood and Ambroxan.",?,,,,,
Hot,,0,Scented Water,Black Myth (Boadicea Hanuman),100,8.6,"Top notes : Lemon, Bergamot, Orange Blossom and Black Currant - Middle notes : Osmanthus, Neroli, Magnolia and Cyclamen - Base notes : Vetiver, Cedar, Musk, Amber and Sandalwood.",floral-fresh,,,,,
Hot,,0,Scented Water,Blind Attempt,2,?,"Top notes : Grapefruit, Mojito, Citruses, Black Currant, Bergamot and Ginger - Middle notes : Magnolia, Pepper and Jasmine - Base notes : Ambergris, Vetiver, Musk, Sandalwood and Patchouli.",?,,,,,
Hot,,0,Scented Water,Burnt Flower (Dior Oud Ispahan),2,7.6,"Top note : Labdanum - Middle notes : Rose, Patchouli and Saffron - Base notes : Agarwood (Oud), Sandalwood and Cedar.",woody-floral,,,,,
Hot,,0,Scented Water,Celestial Dreams,100,?,"Top note : Lemon - Middle notes : Rose de Mai, Violet, Ylang-Ylang, Geranium and Jasmine - Base notes : Agarwood (Oud), Powdery Notes, Ambergris, Almond, Sandalwood, Vanilla, Rhubarb, Musk, Patchouli, Orris and Saffron.",?,,,,,
Hot,,0,Scented Water,Citrus Whisper (LV L'Immensite),100,8.1,"Top notes : Grapefruit, Ginger and Bergamot - Middle notes : Water Notes, Rosemary, Sage and Geranium - Base notes : Ambroxan, Amber and Labdanum.",fresh-citrusy,,,,,
Hot,,0,Scented Water,Monarque (Boadicea Valiant),2,8.4,"Top notes : Ylang-Ylang, Petitgrain, Mandarin Orange, Orange and Grapefruit - Middle notes : Orange Blossom, Orris, Cherry Blossom, Neroli and Indian Jasmine - Base notes : Vanilla, Tonka Bean, Amber, Sandalowood and Patchouli.",floral-sweet,,,,,
Any,,0,Scented Water,Opportunity (Chanel Chance),100,7.2,"Top note : Pink Pepper Middle notes : Jasmine and Iris Base notes : Patchouli, Musk and Vanilla.",floral-fresh,,,,,
Hot,,0,Scented Water,Scarlet Myth (Boadicea Aurica),2,7.3,"Top notes : Pineapple, Cedar Needles, Mandarin Orange and Ylang-Ylang - Middle notes : Cambodian Oud, Marigold, Jasmine and Rose - Base notes : Musk, Vetiver, Patchouli, Sandalwood, Vanilla, Moss and Amber.",fruity-sweet,,,,,
Any,4,7.75,ScentHype,F'eau Sauvage,10,?,"Top: lemon, bergamot, rosemary, basil Heart: jasmine, lavender, patchouli, sandalwood Base: vetiver, oak moss, musk   ",,Fougere,,,,Light scent smells alright
Cold,6,8,Serge Lutens,Chergui,1,8.1,,spicy-oriental,Spice,2,4,,Great blend quality ingredients honeyes hay with a little tobacco 
Any,3,6.5,Serge Lutens,Iris Silver Mist,6,7.9,,powdery-floral,Powder,3,,,light powder makeup earthy. 
Hot,8,8.25,Sospiro,Vibrato Italy,20,8.8,,citrusy-fresh,Citrus,?,,,Lemon 
Hot,3,8,Swiss Arabian,Pure Instinct,100,7.7,,fresh-woody,Fresh,?,,,YSL Y tamed down
Cold,8,6,Tauer,02 L'Air du Desert Marocain,1,8.5,,spicy-oriental,Spice,3,4,,teriyaki dauce
Cold,12,9,Tom Ford,Amber Absolu,5,8.3,,woody-spicy,Amber,6,3,,
Any,4,8.75,Tom Ford,Beau De Jour Private blend,15,8.2,,fougèreartig-green,Fougere,2,,,Lght spice beautiful scent
Any,2,7.5,Tom Ford,Fougere d'Argent EDP '18,10,8.2,,fougèreartig-spicy,Fougere,1,,,Powdery but too light in the performance department 
Cold,,0,Tom Ford,Fucking Fabulous,1,8,,sweet-spicy,,,,,
Any,,0,Tom Ford,Lavender Extreme 2018,1,8.1,,sweet-floral,Fougere,,,,
Cold,6,8,Tom Ford,Noir de  Noir,5,8.2,,floral-spicy,Floral,4,4,,rose but blended well
Cold,6,8.75,Tom Ford,Ombre Leather EDP,10,8.3,,leathery-spicy,Leather,4,3,Sonia Constant,natural suede
Cold,6,8.5,Tom Ford,Oud Wood,10,8.5,,woody-spicy,Wood,2,,Richard Herpin,
Cold,8,9.25,Tom Ford,Oud Wood Intense,10,8,,woody-leathery,Wood,5,3,,
Cold,8,7.5,Tom Ford,Tobacco Oud Intense,10,8.3,,spicy-woody,Tobacco,2,,,
Cold,6,7.5,Tom Ford ,Patchouli Absolu,10,7.8,,earthy-woody,Patchouli,4,3,,well blended
Hot,,0,Toskovat,Present Gambit (F7),2,6.7,,green-sweet,,,,David-Lev Jipa-Slivinschi,
Any,2,5,Valentino,Uoma Born In Roma,1,7,,sweet-synthetic,Feminine,?,,Antoine Maisondieu and Guillaume Flavigny,
Cold,,2,Valley Spirit ,Foliage,100,?,,woody-spicey,Feminine,,,,smells like room spray 
Any,8,8.5,Versace ,Dylan Blue,110,7.7,,fresh-aquatic,Blue,?,,Alberto Morillas,
Any,8,7.5,Versace ,Eros,10,7.5,,fresh-sweet,Fougere,?,,Aurélien Guichard,Decent drydown. Initial is rough. Beastmode performance 
Hot,7.5,5,Versace ,Eros Energy Pour Homme,1,7.5,,citrusy-fresh,Sweet,?,,,Too sweet
Any,8,8,Versace ,Eros Flame,10,7.7,,sweet-spicy,Vanilla,?,,Olivier Pescheux,
Any,3,7.5,Versace ,The Dreamer,100,7.6,,floral-sweet,Fresh,1,,,get out of the shower frag gone in an hour
Cold,3,6.5,Viktor & Rolf,Spicebomb Dark Leather,1,7.7,,leathery-spicy,Leather,1,,,Great but doesn't last
Hot,12,9.5,Xerjoff ,40 Knots,5,8.5,,aquatic-sweet,Aquatic,4,,,Amazing. Non-linear. Powdery 
Cold,4,6,Xerjoff ,Alexandria II,2,8.7,,oriental-woody,Animalic,2,,Chris Maurice,Animalic at the start turn powdery and close to skin
Any,,8,Xerjoff ,Homme Anniversary ,2,8.7,,leathery-citrusy,Leather,?,,,No performance 
Hot,6,8.25,Xerjoff ,Mefisto,100,7.9,,citrusy-fresh,Fresh,2,4,,
Hot,4,8.25,Xerjoff ,Mefisto Gentluomo,2,8.1,,fresh-citrusy,Fresh,?,,,
Cold,8,8,Xerjoff ,Naxos,10,8.9,,sweet-spicy,Fresh,?,,,
Cold,5,7,Xerjoff ,Tony Iommi Monkey Special,2,8.4,,spicy-sweet,Spice,4,,Chris Maurice,Sweet and boozy. tells a story. masterful blend but too sweet and skin scent at 3 hours
Hot,8,8.5,Xerjoff ,Torino 21,2,8.6,,fresh-citrusy,Fresh,4,8,citrus at the start and then green at drydown,
Hot,4,7.5,Xerjoff ,XJ 1861 Renaissance EDP,2,8.1,,citrusy-fresh,Citrus,2,6,,Lemony fresh
Cold,,8.5,Xerjoff ,Zefiro,10,7.9,,spicy-smoky,Spice,3,3,Mathieu Nardin,incense but fresh and brighter than Amouage
Cold,8,8.5,Yves Saint Lauren,Babycat ,10,8.3,,sweet-smoky,Vanilla,3,,Dominique Ropion and Claire Liégent,
Cold,8,8.5,Yves Saint Lauren,Babycat Raw Bourbon,10,8.3,,sweet-smoky,Spice,?,,Dominique Ropion,
Any,8,8.5,Yves Saint Lauren,Myslf Absolu ,10,7.2,,fresh-floral,Fresh,?,,Christophe Raynaud,
Hot,1,7,Yves Saint Lauren,Myslf EDP,10,7.3,,fresh-synthetic,Floral,0,,"Christophe Raynaud, Antoine Maisondieu and Daniela Andrier",No performance and quite floral
Any,8,7,Yves Saint Lauren,Myslf Parfum,10,7.7,,sweet-floral,Floral,?,,"Daniela Andrier, Antoine Maisondieu and Christophe Raynaud",Floral only 
Cold,6,8.75,Yves Saint Lauren,Tuxedo (white label),20,8.5,,spicy-woody,Vanilla,4,6,Juliette Karagueuzoglou,
Any,6,9,Yves Saint Lauren,Tuxedo Sharp Patchouli,15,8.5,,spicy-woody,Vanilla,4,6,,not as much patchouli 
Any,8,9,Yves Saint Lauren,Y EDP,60,7.5,,fresh-sweet,Fresh,8,,Dominique Ropion and Claire Liégent,
Any,8,9,Yves Saint Lauren,Y EDP Intense,100,7,,fresh-synthetic,Fresh,8,1,Dominique Ropion and Claire Liégent,
Any,10,9,Yves Saint Lauren,Y Elixir,100,6.7,,fresh-synthetic,Fresh,4,,Dominique Ropion,More elegant than EDP but not as loud
Any,8,9.25,Yves Saint Lauren,Y Le Parfum (black label),110,7.4,,synthetic-fresh,Fresh,6,,Dominique Ropion and Claire Liégent,EDP in a Tuxedo. 
Any,6,8,Yves Saint Lauren,Y Le Parfum 2025,1,7.2,,woody-fresh,Wood,3,,Dominique Ropion,